{

    "segurity" : {

        "password" : "Robert190114"

    },

    "skills" : [

        { "name" : "C#",          "url" : "cShart.png" },

        { "name" : "C#",          "url" : "cShart.png" },

        { "name" : "React",       "url" : "react.png" },

        { "name" : "Html 5",      "url" : "html5.png" },

        { "name" : "Css 3",       "url" : "css3.png" },

        { "name" : "Java Script", "url" : "javaScript.png" },

        { "name" : "Sql Server",  "url" : "sqlServer.png" },

        { "name" : "Oracle",      "url" : "oracle.png" },

        { "name" : "Type Script", "url" : "typeScript.png" },

        { "name" : "GitHub",      "url" : "github.svg" },

        { "name" : "Node",        "url" : "node.png" },

        { "name" : "BootStrap",   "url" : "bootStrap.png" }

    ],

    "experiences" : [

        { 

        

            "company" : "Rancom Vitrinas y Decoraciones SRL",                             

            "descripcion" : "Ramco vitrinas y decorasiones es una empresa de fabricacion de mobiliarios, en especifico para comercio.", 

            "position" : "Analista de costos", 

            "tacks" : [ 

                {"tack" : "Ayudante de ensamblado"}, 

                {"tack" : "Encargado de ensamblado"}, 

                {"tack" : "Encargado área modular"}, 

                {"tack" : "Analista de costos"}

             ]

        },

        
 
        { 

            "company" : "EC Mobiliario Creativo SRL", 

            "descripcion" : "EC Mobiliario Creativo es una empresa de fabricacion de mobiliarios en general.", 

            "position" : "Ebanista", 

            "tacks" : [ 

                {"tack" : "Ensamblado"}, 

                {"tack" : "Ebanista"}

             ]

        },

        

        { 

            "company" : "Tegnología y Sistema Computarizado SRL", 

            "descripcion" : "Tecnosis es una compañia de servicios de sistemas infomáticos.", 

            "position" : "Desarrollador", 

            "tacks" : [ 

                {"tack" : "Migrarcion del sistema de facturacíon y ventas con contabilidad, cobol a c#."},

                {"tack" : "User las ternilias winforms, as.net core api 3.1, Sql server, Entity Framework core."}, 

                {"tack" : "Creacion de inferfaces para comunicar aplicacion en cobol con sistema de verifone carNet y visaNet."},
                
                {"tack" : "Migrarcion del sistema de facturacíon y ventas con contabilidad, cobol a c#."},

                {"tack" : "User las ternilias winforms, as.net core api 3.1, Sql server, Entity Framework core."}, 

                {"tack" : "Creacion de inferfaces para comunicar aplicacion en cobol con sistema de verifone carNet y visaNet."} 

            ]

        },

        

        { 

            "company" : "Aloe Software", 

            "descripcion" : "Aloe software es una empresa dedicada al desarrollo y gestión software, infraestructura tecnológica y servicios informáticos, asi como cualquier otra actividad del entorno de TI.", 

            "position" : "Desarrollador de software", 

            "tacks" : [

                {"tack" : "Migrar ´sistema de operaciones´ en delphy 5 a .net 5 y react."}, 

                {"tack" : "Desarrollar software de calidad, enfocado en las metodologias agiles."}, 

                {"tack" : "Trabajar con metodologia de trabajo Scrum."}

             ]

        }

   ],
   
   "proyects" : [
       
       { 
           "tittle": "Tridente SC", 
           "description" : "Administrador de tienda de celulares.", 
           "tegnologys" : [
               "WinForms",
               "Sql Server",
               "Entity Framework",
               "SignalR",
               "Asp.net Core"
           ], 
           "repositorys" : []
       },

       { 
           "tittle": "ARS Afiliados", 
           "description" : "Sistema de afiliados",     
           "tegnologys" : [
               "Angular 11",
               "Asp.Net Core Api 3.1",
               "Ado.net",
               "Entity Framework",
               "Sql Server",
               "Identity",
               "Bootstrap",
               "Madia-Type vnd"
            ], 
            "repositorys" : [
                "https://github.com/LuisEduardoFrias/Back-End",
"https://github.com/LuisEduardoFrias/front-end-ars-afiliados"
            ]
       },
      
       { 
           "tittle": "PokeSite",
           "description" : "Guía de pokemones", 
           "tegnologys" : [
               "Angular 11",
               "Asp.Net Core Api 3.1",
               "Bootstrap"
           ],
           "repositorys" : []
       },
 
       { 
           "tittle": "DSRG", 
           "description" : "Generador de reporte de la estructura tu base de datos.", 
           "tegnologys" : [
               "WindowsForms",
               "Telerik report",
               "SpreadsheetLight - Excel"
            ],     
            "repositorys" : [
            "https://github.com/LuisEduardoFrias/DSRG"
            ]
       }
   ],
   "educations" : [
      {
         "tittle" : "Técnico Superior en Desarrollo del Software",
         "institution" : "Instituto Técnico Superior Comunitario (ITSC)",
        "tittle_img" : "diploma.jpg",
        "more_education" : [
           {
              "tittle" : "Desarrollando Aplicaciones en Angular 10 y ASP.NET Core 5", 
              "institution" : "udemy",
              "url" : "https://www.udemy.com",
              "tittle_img" : ""
           },
           {
              "tittle" : "Desarrollando Aplicaciones en Angular 10 y ASP.NET Core 5", 
              "institution" : "udemy",
              "url" : "",
              "tittle_img" : "diploma.jpg"
           }, 
           {
              "tittle" : "Desarrollando Aplicaciones en Angular 10 y ASP.NET Core 5", 
              "institution" : "udemy",
              "url" : "https://www.udemy.com",
              "tittle_img" : ""
           },
           {
              "tittle" : "Desarrollando Aplicaciones en Angular 10 y ASP.NET Core 5", 
              "institution" : "udemy",
              "url" : "",
              "tittle_img" : "diploma.jpg"
           },
           {
              "tittle" : "Desarrollando Aplicaciones en Angular 10 y ASP.NET Core 5", 
              "institution" : "udemy",
              "url" : "https://www.udemy.com",
              "tittle_img" : ""
           },
           {
              "tittle" : "Desarrollando Aplicaciones en Angular 10 y ASP.NET Core 5", 
              "institution" : "udemy",
              "url" : "",
              "tittle_img" : "diploma.jpg"
           }
         ]
      }
   ],
   "references" : [
      {
         "name" : "Ing. José Manuel Tejeda Contacto",
         "phone_number" : "809-436-7126"
      },
      {
         "name" : "Lic. Jairo Esteban Lora Mejía Contacto",
         "phone_number" : "829-983-1386"
      },
      {
         "name" : "Ing. Julio Angel Florentino Contacto",
         "phone_number" : "829-854-7130"
      }
    ]
}
